{
  "benchmark": "large_payload_capture_query",
  "query_limit": 50,
  "repeats": 3,
  "results": [
    {
      "capture": {
        "max_ms": 60.09470799472183,
        "min_ms": 58.29595809336752,
        "p50_ms": 58.554832939989865,
        "p95_ms": 60.09470799472183
      },
      "get": {
        "max_ms": 24.920249939896166,
        "min_ms": 0.9663749951869249,
        "p50_ms": 1.0361670283600688,
        "p95_ms": 24.920249939896166
      },
      "payload_total_bytes_p50": 179747,
      "query_limit": 50,
      "repeats": 3,
      "rows": 1000,
      "select": {
        "max_ms": 12.502916972152889,
        "min_ms": 7.366082980297506,
        "p50_ms": 7.707457989454269,
        "p95_ms": 12.502916972152889
      },
      "select_items_p50": 50
    },
    {
      "capture": {
        "max_ms": 301.56195897143334,
        "min_ms": 287.5329999951646,
        "p50_ms": 291.6308749699965,
        "p95_ms": 301.56195897143334
      },
      "get": {
        "max_ms": 4.0417080745100975,
        "min_ms": 3.86245793197304,
        "p50_ms": 3.9963749004527926,
        "p95_ms": 4.0417080745100975
      },
      "payload_total_bytes_p50": 907639,
      "query_limit": 50,
      "repeats": 3,
      "rows": 5000,
      "select": {
        "max_ms": 15.94054198358208,
        "min_ms": 15.149999991990626,
        "p50_ms": 15.276749967597425,
        "p95_ms": 15.94054198358208
      },
      "select_items_p50": 50
    },
    {
      "capture": {
        "max_ms": 1188.7853749794886,
        "min_ms": 1176.1961249867454,
        "p50_ms": 1181.718375068158,
        "p95_ms": 1188.7853749794886
      },
      "get": {
        "max_ms": 20.39104199502617,
        "min_ms": 17.644750070758164,
        "p50_ms": 18.03308306261897,
        "p95_ms": 20.39104199502617
      },
      "payload_total_bytes_p50": 3657225,
      "query_limit": 50,
      "repeats": 3,
      "rows": 20000,
      "select": {
        "max_ms": 78.98045901674777,
        "min_ms": 46.98983300477266,
        "p50_ms": 48.452625051140785,
        "p95_ms": 78.98045901674777
      },
      "select_items_p50": 50
    }
  ],
  "row_counts": [
    1000,
    5000,
    20000
  ]
}
